Character;Frequency
" ";15,546866
e;9,443445
t;6,638041
a;6,559937
i;5,962009
n;5,817495
o;5,697534
r;5,106166
s;5,032389
h;3,494322
l;3,242921
d;2,973725
c;2,588587
u;2,08018
m;1,932966
f;1,656661
p;1,561152
g;1,435191
y;1,197488
w;1,090775
b;1,042668
,;0,999415
.;0,825546
v;0,790876
"""";0,419125
k;0,392675
T;0,31383
1;0,302361
\r;0,291923
\n;0,291923
A;0,284082
S;0,275581
0;0,250756
C;0,243566
I;0,218726
M;0,18359
-;0,176548
x;0,176173
2;0,175957
9;0,169378
B;0,165262
P;0,159993
';0,136279
);0,132084
(;0,131918
H;0,130145
D;0,12078
R;0,118963
E;0,118681
F;0,115162
G;0,110068
L;0,107597
N;0,104004
z;0,097858
W;0,096036
8;0,092497
O;0,083778
5;0,082704
3;0,080164
q;0,077528
4;0,074806
6;0,074477
J;0,07421
7;0,073625
j;0,073163
U;0,067658
K;0,057108
V;0,044649
:;0,043125
";";0,033015
–;0,026794
Y;0,018378
%;0,018101
 ;0,017186
/;0,013045
_;0,013042
Z;0,011112
X;0,009718
Q;0,009052
—;0,00855
é;0,007806
$;0,006399
á;0,00356
&;0,002987
ö;0,002623
>;0,00261
<;0,002442
í;0,002329
=;0,002295
ā;0,00227
ü;0,002237
!;0,002179
+;0,002164
ó;0,002033
?;0,001521
°;0,0015
[;0,001473
ō;0,001462
’;0,001207
è;0,001115
−;0,001059
ä;0,001005
£;0,001002
];0,000972
ł;0,000861
ī;0,000748
#;0,000741
|;0,000727
ç;0,000723
*;0,000715
”;0,000676
“;0,000659
α;0,000627
ñ;0,000612
ū;0,000578
É;0,000549
š;0,000504
ë;0,00049
×;0,000484
ú;0,000453
ć;0,000447
ø;0,00044
€;0,000393
â;0,000389
à;0,000389
Æ;0,000371
β;0,000358
μ;0,000347
ń;0,000347
ð;0,000335
ã;0,000329
ʼ;0,000293
ô;0,000292
~;0,000291
æ;0,000291
č;0,000291
ο;0,00028
{;0,000276
ē;0,000262
σ;0,000256
};0,00025
ν;0,000248
ă;0,000238
å;0,000235
…;0,000234
ı;0,000232
ʻ;0,000229
ρ;0,000229
τ;0,000222
ι;0,000221
ʿ;0,000218
ς;0,000212
λ;0,000211
‘;0,000207
ê;0,000207
ε;0,000206
ï;0,0002
ś;0,000189
Á;0,000186
→;0,000179
ș;0,000179
π;0,000175
ß;0,000175
κ;0,000174
а;0,000171
Š;0,000168
о;0,000162
\;0,000159
±;0,000157
γ;0,000154
Ö;0,000154
ž;0,000148
′;0,000143
ò;0,000134
ğ;0,000133
φ;0,000132
ṇ;0,000132
δ;0,000128
и;0,000128
Ā;0,000127
θ;0,000126
ę;0,000125
е;0,000124
ş;0,000122
Ō;0,00012
ì;0,000119
ḥ;0,000119
ṭ;0,000118
ṣ;0,000117
ω;0,000116
î;0,000116
·;0,000113
Δ;0,000111
н;0,000111
 ;0,000107
Ś;0,000104
ý;0,000104
р;0,000103
ί;0,000101
η;9,6E-05
ą;9,3E-05
½;9,3E-05
•;9,3E-05
İ;9,2E-05
Ç;9,1E-05
ő;8,7E-05
ό;8,3E-05
с;8,2E-05
Å;8,2E-05
ė;8,1E-05
Ó;8,1E-05
Č;8,1E-05
§;7,9E-05
т;7,8E-05
ا;7,7E-05
µ;7,6E-05
≈;7,6E-05
ù;7,5E-05
υ;7,4E-05
ά;7,1E-05
л;6,9E-05
ż;6,8E-05
י;6,7E-05
ḍ;6,6E-05
ř;6,5E-05
^;6,5E-05
к;6,4E-05
ě;6,4E-05
в;6,4E-05
þ;6,3E-05
đ;6,3E-05
ו;6,2E-05
Î;6,1E-05
Ł;6,1E-05
û;6,1E-05
ə;6E-05
Ø;6E-05
ț;6E-05
Ḥ;5,7E-05
Ω;5,6E-05
‑;5,6E-05
ʾ;5,5E-05
ạ;5,5E-05
Đ;5,5E-05
ṃ;5,4E-05
²;5,4E-05
Ž;5,3E-05
≤;5,2E-05
ה;5,2E-05
א;5,1E-05
@;4,9E-05
õ;4,9E-05
`;4,8E-05
⟩;4,8E-05
χ;4,8E-05
ل;4,8E-05
Ü;4,8E-05
Σ;4,8E-05
⟨;4,7E-05
ר;4,7E-05
″;4,6E-05
д;4,4E-05
Þ;4,4E-05
œ;4,4E-05
ύ;4,3E-05
м;4,2E-05
ל;4,2E-05
⋅;4,2E-05
¥;4,1E-05
≥;4,1E-05
ή;4E-05
у;4E-05
Ż;3,9E-05
ấ;3,9E-05
έ;3,8E-05
ת;3,7E-05
я;3,7E-05
ξ;3,6E-05
्;3,6E-05
ŵ;3,6E-05
п;3,6E-05
ṛ;3,6E-05
ː;3,6E-05
‐;3,5E-05
מ;3,5E-05
ṅ;3,4E-05
й;3,4E-05
ệ;3,4E-05
ر;3,4E-05
Â;3,3E-05
Ş;3,3E-05
ψ;3,3E-05
ň;3,2E-05
»;3,2E-05
ב;3,1E-05
م;3,1E-05
ن;3,1E-05
ש;3E-05
г;2,9E-05
ź;2,9E-05
و;2,9E-05
ा;2,8E-05
ب;2,7E-05
ь;2,7E-05
Π;2,6E-05
र;2,6E-05
б;2,6E-05
С;2,6E-05
ư;2,6E-05
 ;2,5E-05
Ä;2,5E-05
ד;2,5E-05
Φ;2,5E-05
≠;2,5E-05
ἀ;2,5E-05
נ;2,5E-05
∞;2,4E-05
ע;2,4E-05
♭;2,4E-05
ζ;2,4E-05
ḷ;2,4E-05
ħ;2,3E-05
з;2,3E-05
≡;2,3E-05
ǎ;2,3E-05
†;2,3E-05
Í;2,3E-05
子;2,3E-05
ʰ;2,2E-05
Α;2,2E-05
¬;2,2E-05
Ú;2,2E-05
ы;2,2E-05
ế;2,2E-05
Λ;2,1E-05
ח;2,1E-05
ơ;2,1E-05
∨;2,1E-05
ي;2E-05
¢;2E-05
د;2E-05
ŏ;2E-05
大;2E-05
ǔ;2E-05
Ε;1,9E-05
ц;1,9E-05
Ṭ;1,9E-05
✱;1,9E-05
́;1,9E-05
َ;1,9E-05
ŭ;1,9E-05
פ;1,9E-05
∗;1,9E-05
כ;1,9E-05
س;1,8E-05
ŋ;1,8E-05
Γ;1,8E-05
«;1,8E-05
̄;1,8E-05
←;1,8E-05
ɛ;1,8E-05
ℓ;1,8E-05
ч;1,7E-05
ם;1,7E-05
ɪ;1,7E-05
ּ;1,7E-05
ġ;1,7E-05
³;1,7E-05
ա;1,7E-05
天;1,6E-05
ɐ;1,6E-05
क;1,6E-05
К;1,6E-05
ی;1,6E-05
¼;1,6E-05
ˈ;1,5E-05
ả;1,5E-05
王;1,5E-05
म;1,5E-05
ḫ;1,5E-05
ǐ;1,5E-05
̪;1,5E-05
Κ;1,5E-05
ਾ;1,5E-05
Ἀ;1,4E-05
Ι;1,4E-05
∧;1,4E-05
ồ;1,4E-05
ņ;1,4E-05
ễ;1,4E-05
ọ;1,4E-05
ʷ;1,4E-05
ῖ;1,4E-05
∈;1,4E-05
‰;1,4E-05
ɔ;1,4E-05
ώ;1,4E-05
ع;1,4E-05
்;1,4E-05
ἰ;1,3E-05
ṯ;1,3E-05
ḗ;1,3E-05
त;1,3E-05
ъ;1,3E-05
ų;1,3E-05
Μ;1,3E-05
न;1,3E-05
 ;1,3E-05
Ș;1,3E-05
Б;1,3E-05
ت;1,3E-05
ῶ;1,2E-05
ه;1,2E-05
原;1,2E-05
ḏ;1,2E-05
ק;1,2E-05
刀;1,2E-05
ἐ;1,2E-05
ि;1,2E-05
Ț;1,2E-05
藤;1,2E-05
∴;1,2E-05
ح;1,2E-05
ਰ;1,2E-05
ָ;1,1E-05
Θ;1,1E-05
º;1,1E-05
∆;1,1E-05
皇;1,1E-05
ẓ;1E-05
ш;1E-05
ס;1E-05
ƒ;1E-05
ן;1E-05
Р;1E-05
ة;1E-05
Г;1E-05
ǫ;1E-05
ն;1E-05
ж;1E-05
ắ;1E-05
Τ;1E-05
ְ;1E-05
₂;1E-05
ր;1E-05
ִ;1E-05
Χ;1E-05
͡;1E-05
À;1E-05
Ν;1E-05
̥;1E-05
ὐ;1E-05
日;1E-05
法;1E-05
ʃ;1E-05
ἄ;9E-06
А;9E-06
ق;9E-06
ʽ;9E-06
ÿ;9E-06
ĕ;9E-06
ج;9E-06
Ī;9E-06
̃;9E-06
स;9E-06
ῆ;9E-06
Œ;9E-06
‒;9E-06
ố;9E-06
三;9E-06
ַ;9E-06
ộ;9E-06
ů;9E-06
ɑ;9E-06
В;9E-06
П;9E-06
Ο;9E-06
ɣ;9E-06
х;9E-06
ز;9E-06
Ṣ;9E-06
И;9E-06
М;9E-06
道;9E-06
ụ;9E-06
ك;8E-06
‡;8E-06
ג;8E-06
ט;8E-06
ḳ;8E-06
ُ;8E-06
ف;8E-06
ა;8E-06
ー;8E-06
צ;8E-06
人;8E-06
ị;8E-06
⊃;8E-06
ĝ;8E-06
太;8E-06
̯;8E-06
व;8E-06
´;8E-06
ِ;8E-06
ո;8E-06
ʊ;8E-06
ậ;8E-06
ầ;8E-06
ਿ;8E-06
ὶ;7E-06
ْ;7E-06
ю;7E-06
ʋ;7E-06
¡;7E-06
ʔ;7E-06
本;7E-06
ĭ;7E-06
Ē;7E-06
ի;7E-06
₹;7E-06
ῦ;7E-06
中;7E-06
♠;7E-06
ĉ;7E-06
山;7E-06
ज;7E-06
Ψ;7E-06
ɨ;7E-06
ờ;7E-06
і;7E-06
ン;7E-06
ܐ;7E-06
♦;7E-06
―;7E-06
，;7E-06
二;7E-06
ữ;7E-06
ு;7E-06
ɾ;7E-06
อ;6E-06
È;6E-06
ṁ;6E-06
ũ;6E-06
ह;6E-06
ი;6E-06
ſ;6E-06
平;6E-06
親;6E-06
ਹ;6E-06
ṓ;6E-06
े;6E-06
Ἰ;6E-06
ֹ;6E-06
ւ;6E-06
⇒;6E-06
ċ;6E-06
ਤ;6E-06
ਸ;6E-06
Д;6E-06
ल;6E-06
÷;6E-06
ش;6E-06
ꜣ;6E-06
द;6E-06
節;6E-06
प;6E-06
ṟ;6E-06
♣;6E-06
ʲ;6E-06
馬;6E-06
Ṛ;6E-06
源;6E-06
ỳ;6E-06
ľ;6E-06
ਦ;6E-06
イ;6E-06
ὰ;6E-06
ु;6E-06
ो;6E-06
О;6E-06
⁠;6E-06
У;6E-06
女;6E-06
五;6E-06
य;6E-06
״;6E-06
ط;6E-06
̀;6E-06
の;6E-06
Υ;6E-06
上;6E-06
ớ;6E-06
Ġ;6E-06
手;6E-06
ứ;6E-06
ਕ;6E-06
ז;6E-06
✸;6E-06
า;6E-06
ท;6E-06
小;5E-06
ḇ;5E-06
Η;5E-06
国;5E-06
北;5E-06
ు;5E-06
ὁ;5E-06
十;5E-06
明;5E-06
∅;5E-06
ّ;5E-06
ķ;5E-06
⁄;5E-06
வ;5E-06
น;5E-06
ʒ;5E-06
ἱ;5E-06
अ;5E-06
Ħ;5E-06
ֵ;5E-06
Β;5E-06
خ;5E-06
Ć;5E-06
行;5E-06
ј;5E-06
‎;5E-06
ध;5E-06
文;5E-06
ǀ;5E-06
武;5E-06
¾;5E-06
ก;5E-06
ร;5E-06
ू;5E-06
த;5E-06
ी;5E-06
เ;5E-06
内;5E-06
一;5E-06
ர;5E-06
ਨ;5E-06
ᾶ;5E-06
ĩ;5E-06
Ñ;5E-06
˹;5E-06
˺;5E-06
士;5E-06
Л;5E-06
ὸ;5E-06
方;5E-06
ǵ;5E-06
ű;5E-06
ե;5E-06
公;5E-06
⊆;5E-06
ὀ;5E-06
أ;5E-06
ť;5E-06
∩;5E-06
이;5E-06
श;5E-06
ง;5E-06
ಿ;5E-06
க;5E-06
ţ;5E-06
ề;5E-06
Ľ;5E-06
ੀ;5E-06
ừ;5E-06
ὴ;4E-06
Т;4E-06
帝;4E-06
ک;4E-06
神;4E-06
ⲓ;4E-06
ꞌ;4E-06
Н;4E-06
入;4E-06
國;4E-06
ɲ;4E-06
石;4E-06
⊕;4E-06
新;4E-06
⅓;4E-06
ト;4E-06
い;4E-06
ਪ;4E-06
ಾ;4E-06
り;4E-06
南;4E-06
西;4E-06
ǧ;4E-06
下;4E-06
į;4E-06
ǁ;4E-06
門;4E-06
ǒ;4E-06
ẹ;4E-06
Ц;4E-06
理;4E-06
氏;4E-06
）;4E-06
金;4E-06
ʁ;4E-06
宮;4E-06
ย;4E-06
ʀ;4E-06
ở;4E-06
Ρ;4E-06
か;4E-06
च;4E-06
대;4E-06
ष;4E-06
ἡ;4E-06
Ḳ;4E-06
♥;4E-06
ḱ;4E-06
ḡ;4E-06
重;4E-06
∂;4E-06
щ;4E-06
∪;4E-06
白;4E-06
治;4E-06
ி;4E-06
ܝ;4E-06
《;4E-06
》;4E-06
ರ;4E-06
院;4E-06
ん;4E-06
ე;4E-06
რ;4E-06
ನ;4E-06
ग;4E-06
₱;4E-06
た;4E-06
మ;4E-06
ా;4E-06
な;4E-06
‿;4E-06
ḵ;4E-06
ך;4E-06
ม;4E-06
ర;4E-06
諸;4E-06
之;4E-06
ф;4E-06
⅔;4E-06
ǝ;4E-06
ղ;4E-06
Ч;4E-06
͟;4E-06
Е;4E-06
高;4E-06
ׁ;4E-06
사;4E-06
ɡ;4E-06
್;4E-06
娘;4E-06
－;4E-06
ს;4E-06
ว;4E-06
炮;4E-06
ਲ;4E-06
ੁ;4E-06
׳;4E-06
Ì;4E-06
ʈ;4E-06
ಕ;4E-06
إ;3E-06
↓;3E-06
Ẓ;3E-06
安;3E-06
⊂;3E-06
్;3E-06
元;3E-06
̂;3E-06
ⲁ;3E-06
♯;3E-06
™;3E-06
是;3E-06
э;3E-06
ȝ;3E-06
生;3E-06
˚;3E-06
仁;3E-06
ổ;3E-06
ἑ;3E-06
と;3E-06
ļ;3E-06
ܡ;3E-06
ủ;3E-06
ம;3E-06
ਵ;3E-06
ੰ;3E-06
ặ;3E-06
ء;3E-06
Ḍ;3E-06
る;3E-06
東;3E-06
家;3E-06
⊥;3E-06
和;3E-06
Ḫ;3E-06
龍;3E-06
ϝ;3E-06
八;3E-06
կ;3E-06
տ;3E-06
¶;3E-06
ŷ;3E-06
七;3E-06
‍;3E-06
タ;3E-06
기;3E-06
物;3E-06
部;3E-06
자;3E-06
₁;3E-06
ď;3E-06
九;3E-06
ラ;3E-06
ὑ;3E-06
√;3E-06
義;3E-06
ட;3E-06
ய;3E-06
ழ;3E-06
ੈ;3E-06
・;3E-06
剣;3E-06
ẩ;3E-06
ッ;3E-06
︎;3E-06
ẽ;3E-06
‛;3E-06
ప;3E-06
心;3E-06
आ;3E-06
բ;3E-06
¹;3E-06
ģ;3E-06
月;3E-06
阿;3E-06
Я;3E-06
ˀ;3E-06
宗;3E-06
通;3E-06
្;3E-06
不;3E-06
І;3E-06
ं;3E-06
正;3E-06
う;3E-06
ϛ;3E-06
ŝ;3E-06
̆;3E-06
ञ;3E-06
頓;3E-06
野;3E-06
臣;3E-06
江;3E-06
ϕ;3E-06
は;3E-06
მ;3E-06
ข;3E-06
ை;3E-06
要;3E-06
ḻ;3E-06
ण;3E-06
ੇ;3E-06
₴;3E-06
ʕ;2E-06
주;2E-06
Ξ;2E-06
学;2E-06
ׂ;2E-06
ΐ;2E-06
ア;2E-06
ル;2E-06
ェ;2E-06
青;2E-06
☆;2E-06
∃;2E-06
ἔ;2E-06
無;2E-06
し;2E-06
憲;2E-06
ῥ;2E-06
陽;2E-06
毛;2E-06
陵;2E-06
ἕ;2E-06
ѣ;2E-06
四;2E-06
공;2E-06
ợ;2E-06
ỏ;2E-06
ὄ;2E-06
រ;2E-06
‌;2E-06
ス;2E-06
­;2E-06
星;2E-06
ȳ;2E-06
ุ;2E-06
書;2E-06
民;2E-06
洋;2E-06
ǃ;2E-06
オ;2E-06
兵;2E-06
ܢ;2E-06
ड;2E-06
ܘ;2E-06
橘;2E-06
ǣ;2E-06
地;2E-06
ク;2E-06
უ;2E-06
☉;2E-06
ன;2E-06
棋;2E-06
ɭ;2E-06
ਅ;2E-06
字;2E-06
भ;2E-06
史;2E-06
라;2E-06
장;2E-06
将;2E-06
ɹ;2E-06
ไ;2E-06
①;2E-06
ั;2E-06
พ;2E-06
З;2E-06
₩;2E-06
수;2E-06
け;2E-06
⋯;2E-06
京;2E-06
∘;2E-06
↑;2E-06
క;2E-06
∀;2E-06
식;2E-06
ս;2E-06
پ;2E-06
®;2E-06
ἴ;2E-06
李;2E-06
Ж;2E-06
經;2E-06
ত;2E-06
া;2E-06
務;2E-06
主;2E-06
軍;2E-06
Ὀ;2E-06
記;2E-06
傳;2E-06
香;2E-06
지;2E-06
̲;2E-06
ʱ;2E-06
동;2E-06
世;2E-06
貞;2E-06
ɦ;2E-06
的;2E-06
令;2E-06
ῷ;2E-06
ო;2E-06
⫽;2E-06
ɬ;2E-06
台;2E-06
ℝ;2E-06
΄;2E-06
★;2E-06
ɯ;2E-06
ṉ;2E-06
ʹ;2E-06
头;2E-06
頭;2E-06
ต;2E-06
ĵ;2E-06
ヤ;2E-06
ܬ;2E-06
田;2E-06
姫;2E-06
志;2E-06
後;2E-06
　;2E-06
忠;2E-06
თ;2E-06
Ἑ;2E-06
̓;2E-06
ਭ;2E-06
੍;2E-06
ਗ;2E-06
ਜ;2E-06
あ;2E-06
を;2E-06
じ;2E-06
づ;2E-06
་;2E-06
酒;2E-06
한;2E-06
복;2E-06
俠;2E-06
่;2E-06
้;2E-06
ล;2E-06
ɳ;2E-06
⇗;2E-06
ల;2E-06
ం;2E-06
న;2E-06
キ;2E-06
Ò;2E-06
陰;2E-06
↔;2E-06
語;2E-06
ะ;2E-06
ジ;2E-06
者;2E-06
成;2E-06
。;2E-06
 ;2E-06
時;2E-06
¿;2E-06
գ;2E-06
ռ;2E-06
ŕ;2E-06
Ô;2E-06
ὖ;2E-06
ब;2E-06
麻;2E-06
沙;2E-06
羅;2E-06
面;2E-06
ض;2E-06
提;2E-06
≫;2E-06
̊;2E-06
ὅ;2E-06
Ἐ;2E-06
形;2E-06
ỹ;2E-06
会;2E-06
 ;2E-06
年;2E-06
車;2E-06
玄;2E-06
Ķ;2E-06
气;2E-06
春;2E-06
ё;2E-06
인;2E-06
ப;2E-06
派;2E-06
ḕ;2E-06
ख;2E-06
司;2E-06
ܪ;2E-06
ವ;2E-06
ን;2E-06
˘;2E-06
朝;2E-06
海;2E-06
船;2E-06
サ;2E-06
っ;2E-06
総;2E-06
ვ;2E-06
̱;2E-06
உ;2E-06
ா;2E-06
ى;2E-06
ੋ;2E-06
ੂ;2E-06
।;2E-06
ף;2E-06
、;2E-06
レ;2E-06
시;2E-06
ɖ;2E-06
閣;2E-06
食;2E-06
̠;2E-06
어;2E-06
국;2E-06
전;2E-06
과;2E-06
抜;2E-06
≪;2E-06
ⴰ;2E-06
‖;2E-06
⊦;2E-06
ө;2E-06
ာ;2E-06
ʂ;2E-06
②;2E-06
華;2E-06
ث;2E-06
グ;2E-06
林;2E-06
君;2E-06
Ἄ;2E-06
ट;2E-06
ら;2E-06
ῃ;2E-06
ϊ;2E-06
ἁ;2E-06
ֶ;2E-06
Ά;2E-06
律;2E-06
論;2E-06
Ἱ;2E-06
ể;2E-06
ٰ;2E-06
հ;2E-06
غ;2E-06
ץ;2E-06
用;2E-06
条;2E-06
水;2E-06
ˁ;2E-06
ⲟ;2E-06
ⲛ;2E-06
ⲣ;2E-06
陳;2E-06
伊;2E-06
長;2E-06
佛;2E-06
薩;2E-06
性;2E-06
自;2E-06
至;2E-06
相;2E-06
도;2E-06
회;2E-06
Х;2E-06
ص;2E-06
ម;2E-06
ត;2E-06
⇄;2E-06
我;2E-06
色;2E-06
リ;2E-06
業;2E-06
員;2E-06
고;2E-06
의;2E-06
ნ;2E-06
Ð;2E-06
ⲙ;2E-06
朱;2E-06
近;2E-06
極;2E-06
무;2E-06
が;2E-06
清;2E-06
禮;2E-06
制;2E-06
정;2E-06
상;2E-06
≘;2E-06
チ;2E-06
化;2E-06
ಸ;2E-06
光;2E-06
当;2E-06
ẑ;2E-06
◌;2E-06
漢;2E-06
ɕ;2E-06
ĥ;2E-06
Э;2E-06
囧;2E-06
マ;2E-06
آ;2E-06
卿;2E-06
紀;2E-06
美;2E-06
葛;2E-06
戦;2E-06
ウ;2E-06
撃;2E-06
ლ;2E-06
ี;2E-06
ಅ;2E-06
ದ;2E-06
隊;2E-06
ਖ;2E-06
ਮ;2E-06
ੜ;2E-06
ੱ;2E-06
に;2E-06
ゐ;2E-06
ゑ;2E-06
み;2E-06
ぢ;2E-06
ち;2E-06
Ū;2E-06
₪;2E-06
Ţ;2E-06
₽;2E-06
特;2E-06
비;2E-06
구;2E-06
花;2E-06
방;2E-06
デ;2E-06
∥;2E-06
鯉;2E-06
ɴ;2E-06
ự;2E-06
ส;2E-06
వ;2E-06
枪;2E-06
━;2E-06
ิ;2E-06
฿;2E-06
象;2E-06
酸;2E-06
さ;1E-06
ʎ;1E-06
¯;1E-06
算;1E-06
ܠ;1E-06
き;1E-06
く;1E-06
⁣;1E-06
連;1E-06
合;1E-06
泉;1E-06
夫;1E-06
⌈;1E-06
త;1E-06
事;1E-06
同;1E-06
流;1E-06
百;1E-06
集;1E-06
ʌ;1E-06
ŉ;1E-06
յ;1E-06
ἅ;1E-06
ⲡ;1E-06
井;1E-06
ા;1E-06
雄;1E-06
秋;1E-06
在;1E-06
Ѣ;1E-06
є;1E-06
Й;1E-06
德;1E-06
歌;1E-06
ֲ;1E-06
서;1E-06
Ё;1E-06
ἶ;1E-06
ἥ;1E-06
성;1E-06
虎;1E-06
ា;1E-06
ក;1E-06
Ј;1E-06
Ш;1E-06
役;1E-06
代;1E-06
社;1E-06
精;1E-06
進;1E-06
料;1E-06
点;1E-06
개;1E-06
案;1E-06
會;1E-06
Ọ;1E-06
∇;1E-06
ಬ;1E-06
ಗ;1E-06
ು;1E-06
ச;1E-06
名;1E-06
屋;1E-06
ἢ;1E-06
ª;1E-06
章;1E-06
여;1E-06
≅;1E-06
古;1E-06
ハ;1E-06
影;1E-06
ด;1E-06
์;1E-06
ै;1E-06
ಭ;1E-06
ስ;1E-06
興;1E-06
聖;1E-06
萬;1E-06
后;1E-06
川;1E-06
洲;1E-06
玉;1E-06
町;1E-06
蘇;1E-06
市;1E-06
草;1E-06
木;1E-06
信;1E-06
笛;1E-06
ǜ;1E-06
奇;1E-06
カ;1E-06
ხ;1E-06
ბ;1E-06
இ;1E-06
վ;1E-06
오;1E-06
攻;1E-06
ਧ;1E-06
ੵ;1E-06
ਇ;1E-06
ਆ;1E-06
ਂ;1E-06
Ζ;1E-06
所;1E-06
ℳ;1E-06
ῳ;1E-06
て;1E-06
お;1E-06
え;1E-06
よ;1E-06
官;1E-06
լ;1E-06
Ǫ;1E-06
客;1E-06
∠;1E-06
ོ;1E-06
別;1E-06
₸;1E-06
로;1E-06
그;1E-06
니;1E-06
냐;1E-06
조;1E-06
선;1E-06
밥;1E-06
寶;1E-06
↵;1E-06
ィ;1E-06
蕨;1E-06
工;1E-06
衛;1E-06
げ;1E-06
功;1E-06
片;1E-06
ほ;1E-06
柿;1E-06
⊢;1E-06
ู;1E-06
မ;1E-06
ȟ;1E-06
ꜥ;1E-06
ⵍ;1E-06
ズ;1E-06
⇘;1E-06
去;1E-06
△;1E-06
③;1E-06
ሕ;1E-06
⁵;1E-06
బ;1E-06
ి;1E-06
ป;1E-06
จ;1E-06
‬;1E-06
⊙;1E-06
ಡ;1E-06
ಮ;1E-06
ತ;1E-06
ビ;1E-06
島;1E-06
盤;1E-06
판;1E-06
ㄨ;1E-06
ㄢ;1E-06
ذ;1E-06
羽;1E-06
∝;1E-06
ὺ;1E-06
敦;1E-06
韓;1E-06
秦;1E-06
始;1E-06
Ă;1E-06
⌊;1E-06
ో;1E-06
校;1E-06
歲;1E-06
以;1E-06
千;1E-06
遠;1E-06
州;1E-06
例;1E-06
刑;1E-06
有;1E-06
ˠ;1E-06
─;1E-06
̨;1E-06
Ʒ;1E-06
ṗ;1E-06
ẵ;1E-06
Ɔ;1E-06
ṙ;1E-06
է;1E-06
ջ;1E-06
և;1E-06
政;1E-06
્;1E-06
զ;1E-06
ٱ;1E-06
ে;1E-06
№;1E-06
利;1E-06
思;1E-06
常;1E-06
菩;1E-06
珍;1E-06
泡;1E-06
茶;1E-06
Щ;1E-06
ʉ;1E-06
師;1E-06
祖;1E-06
景;1E-06
觀;1E-06
摩;1E-06
ὡ;1E-06
⊊;1E-06
「;1E-06
」;1E-06
하;1E-06
振;1E-06
☧;1E-06
©;1E-06
藏;1E-06
Ř;1E-06
音;1E-06
寺;1E-06
プ;1E-06
セ;1E-06
學;1E-06
昭;1E-06
민;1E-06
雙;1E-06
ƿ;1E-06
湯;1E-06
炒;1E-06
화;1E-06
ⲫ;1E-06
ɒ;1E-06
區;1E-06
ˤ;1E-06
（;1E-06
城;1E-06
分;1E-06
曆;1E-06
氣;1E-06
メ;1E-06
ャ;1E-06
ǂ;1E-06
ǹ;1E-06
ђ;1E-06
ೆ;1E-06
थ;1E-06
Ϝ;1E-06
館;1E-06
：;1E-06
于;1E-06
術;1E-06
ئ;1E-06
苦;1E-06
力;1E-06
Ἕ;1E-06
科;1E-06
命;1E-06
⇔;1E-06
ϋ;1E-06
倭;1E-06
越;1E-06
郡;1E-06
ܥ;1E-06
ܩ;1E-06
多;1E-06
永;1E-06
仲;1E-06
御;1E-06
房;1E-06
佐;1E-06
唐;1E-06
凡;1E-06
گ;1E-06
エ;1E-06
つ;1E-06
ソ;1E-06
コ;1E-06
怪;1E-06
ǩ;1E-06
ք;1E-06
Ф;1E-06
ী;1E-06
機;1E-06
⌂;1E-06
਼;1E-06
ਬ;1E-06
॥;1E-06
ἦ;1E-06
で;1E-06
す;1E-06
ゃ;1E-06
ま;1E-06
第;1E-06
ằ;1E-06
ᐃ;1E-06
議;1E-06
指;1E-06
米;1E-06
Ê;1E-06
定;1E-06
석;1E-06
매;1E-06
반;1E-06
외;1E-06
요;1E-06
삼;1E-06
견;1E-06
후;1E-06
음;1E-06
떡;1E-06
차;1E-06
김;1E-06
ァ;1E-06
夷;1E-06
丸;1E-06
造;1E-06
河;1E-06
飾;1E-06
巻;1E-06
包;1E-06
村;1E-06
嶼;1E-06
র;1E-06
ɚ;1E-06
ٮ;1E-06
Ċ;1E-06
₨;1E-06
仙;1E-06
ठ;1E-06
ए;1E-06
ǘ;1E-06
橋;1E-06
産;1E-06
塘;1E-06
ḿ;1E-06
ੌ;1E-06
Ý;1E-06
ရ;1E-06
ွ;1E-06
ẫ;1E-06
拳;1E-06
楊;1E-06
駒;1E-06
ె;1E-06
ద;1E-06
曰;1E-06
Ǵ;1E-06
บ;1E-06
ื;1E-06
ї;1E-06
산;1E-06
ἤ;1E-06
ㄌ;1E-06
Ĕ;1E-06
左;1E-06
壁;1E-06
Ῥ;1E-06
こ;1E-06
․;1E-06
ܒ;1E-06
略;1E-06
黄;1E-06
Ὑ;1E-06
延;1E-06
趙;1E-06
齊;1E-06
ช;1E-06
ూ;1E-06
慶;1E-06
強;1E-06
姦;1E-06
里;1E-06
ẚ;1E-06
ṕ;1E-06
Ɛ;1E-06
节;1E-06
∋;1E-06
宿;1E-06
Ե;1E-06
સ;1E-06
ⲗ;1E-06
ⲉ;1E-06
身;1E-06
裏;1E-06
胡;1E-06
情;1E-06
可;1E-06
樂;1E-06
泰;1E-06
糖;1E-06
婆;1E-06
種;1E-06
燈;1E-06
錄;1E-06
ὥ;1E-06
ℏ;1E-06
汝;1E-06
̈;1E-06
곡;1E-06
Ю;1E-06
Ъ;1E-06
ŗ;1E-06
口;1E-06
천;1E-06
역;1E-06
狐;1E-06
犬;1E-06
臥;1E-06
ស;1E-06
₡;1E-06
ብ;1E-06
እ;1E-06
很;1E-06
表;1E-06
博;1E-06
진;1E-06
찬;1E-06
程;1E-06
起;1E-06
ὕ;1E-06
კ;1E-06
ც;1E-06
麪;1E-06
ң;1E-06
拉;1E-06
儿;1E-06
ә;1E-06
ˇ;1E-06
雀;1E-06
甜;1E-06
̑;1E-06
⁺;1E-06
마;1E-06
₯;1E-06
腰;1E-06
ỗ;1E-06
冬;1E-06
端;1E-06
午;1E-06
ử;1E-06
蘭;1E-06
중;1E-06
ネ;1E-06
Ь;1E-06
Ὄ;1E-06
ῑ;1E-06
ಪ;1E-06
商;1E-06
静;1E-06
善;1E-06
守;1E-06
万;1E-06
裁;1E-06
ھ;1E-06
용;1E-06
桃;1E-06
叩;1E-06
洗;1E-06
ˌ;1E-06
්;1E-06
革;1E-06
ṡ;1E-06
Ṡ;1E-06
Ë;1E-06
በ;1E-06
Ἔ;1E-06
祭;1E-06
出;1E-06
處;1E-06
保;1E-06
蒲;1E-06
津;1E-06
ܕ;1E-06
吉;1E-06
備;1E-06
間;1E-06
賀;1E-06
宅;1E-06
黒;1E-06
良;1E-06
勢;1E-06
Ἠ;1E-06
縄;1E-06
々;1E-06
금;1E-06
फ;1E-06
蔵;1E-06
ふ;1E-06
争;1E-06
吒;1E-06
来;1E-06
魔;1E-06
莊;1E-06
ロ;1E-06
作;1E-06
ゴ;1E-06
დ;1E-06
გ;1E-06
₵;1E-06
₣;1E-06
Ɣ;1E-06
ெ;1E-06
ங;1E-06
அ;1E-06
ম;1E-06
ক;1E-06
্;1E-06
ি;1E-06
ন;1E-06
ੴ;1E-06
ֿ;1E-06
װ;1E-06
技;1E-06
∙;1E-06
Ἡ;1E-06
や;1E-06
普;1E-06
体;1E-06
味;1E-06
知;1E-06
へ;1E-06
ず;1E-06
わ;1E-06
廠;1E-06
愛;1E-06
ֱ;1E-06
մ;1E-06
ɓ;1E-06
ĺ;1E-06
⌉;1E-06
ག;1E-06
柔;1E-06
夜;1E-06
衆;1E-06
則;1E-06
土;1E-06
ẖ;1E-06
ृ;1E-06
印;1E-06
报;1E-06
湖;1E-06
Ǝ;1E-06
必;1E-06
突;1E-06
厥;1E-06
义;1E-06
加;1E-06
組;1E-06
麗;1E-06
제;1E-06
달;1E-06
야;1E-06
다;1E-06
녀;1E-06
안;1E-06
버;1E-06
남;1E-06
간;1E-06
호;1E-06
합;1E-06
말;1E-06
원;1E-06
ド;1E-06
関;1E-06
₃;1E-06
火;1E-06
솥;1E-06
탕;1E-06
치;1E-06
鑑;1E-06
약;1E-06
생;1E-06
채;1E-06
숙;1E-06
빈;1E-06
フ;1E-06
ヲ;1E-06
今;1E-06
漆;1E-06
尊;1E-06
浦;1E-06
អ;1E-06
好;1E-06
仕;1E-06
Ŷ;1E-06
འ;1E-06
ི;1E-06
ᖅ;1E-06
錦;1E-06
●;1E-06
雲;1E-06
言;1E-06
蜀;1E-06
碧;1E-06
說;1E-06
魯;1E-06
シ;1E-06
ု;1E-06
ဘ;1E-06
ऱ;1E-06
उ;1E-06
ᾱ;1E-06
増;1E-06
郎;1E-06
読;1E-06
持;1E-06
嶋;1E-06
蕃;1E-06
̍;1E-06
競;1E-06
ค;1E-06
ਡ;1E-06
Ư;1E-06
④;1E-06
ℕ;1E-06
全;1E-06
ပ;1E-06
ቀ;1E-06
ይ;1E-06
ባ;1E-06
ሪ;1E-06
Ď;1E-06
ὲ;1E-06
賦;1E-06
桂;1E-06
劍;1E-06
皮;1E-06
⁶;1E-06
Ḵ;1E-06
̩;1E-06
魄;1E-06
砲;1E-06
⩽;1E-06
桶;1E-06
過;1E-06
ƛ;1E-06
ಂ;1E-06
ℰ;1E-06
చ;1E-06
ҳ;1E-06
ศ;1E-06
ภ;1E-06
ㄞ;1E-06
Ấ;1E-06
◆;1E-06
將;1E-06
马;1E-06
;1E-06
個;1E-06
麵;1E-06
ɻ;1E-06
൧;1E-06
ಧ;1E-06
ೋ;1E-06
ಶ;1E-06
డ;1E-06
య;1E-06
៴;1E-06
ケ;1E-06
藻;1E-06
堂;1E-06
⊖;1E-06
♈;1E-06
阵;1E-06
れ;1E-06
ろ;1E-06
際;1E-06
Ἵ;1E-06
农;1E-06
ἠ;1E-06
楚;1E-06
燕;1E-06
Έ;1E-06
⍋;1E-06
⏨;1E-06
᛭;1E-06
□;1E-06
○;1E-06
拓;1E-06
類;1E-06
雖;1E-06
也;1E-06
配;1E-06
惡;1E-06
；;1E-06
未;1E-06
傷;1E-06
絞;1E-06
解;1E-06
附;1E-06
▒;1E-06
☺;1E-06
̵;1E-06
ⱷ;1E-06
ȡ;1E-06
ḯ;1E-06
Ẉ;1E-06
ȅ;1E-06
ȉ;1E-06
ẻ;1E-06
ƙ;1E-06
ỉ;1E-06
ɗ;1E-06
Ŋ;1E-06
植;1E-06
목;1E-06
辰;1E-06
垣;1E-06
次;1E-06
ऋ;1E-06
ց;1E-06
Ք;1E-06
պ;1E-06
Ն;1E-06
խ;1E-06
օ;1E-06
Ւ;1E-06
ⲇ;1E-06
̅;1E-06
复;1E-06
务;1E-06
寛;1E-06
પ;1E-06
ક;1E-06
ћ;1E-06
ǰ;1E-06
־;1E-06
Ṫ;1E-06
Ğ;1E-06
Գ;1E-06
թ;1E-06
ϯ;1E-06
喜;1E-06
জ;1E-06
প;1E-06
Ź;1E-06
蘆;1E-06
啞;1E-06
杜;1E-06
福;1E-06
燃;1E-06
吐;1E-06
奴;1E-06
悉;1E-06
僕;1E-06
固;1E-06
₤;1E-06
波;1E-06
黑;1E-06
珠;1E-06
ピ;1E-06
ѧ;1E-06
ꙑ;1E-06
楞;1E-06
伽;1E-06
竺;1E-06
耳;1E-06
淨;1E-06
禪;1E-06
⌋;1E-06
密;1E-06
貘;1E-06
아;1E-06
ἷ;1E-06
∉;1E-06
⊋;1E-06
ᵑ;1E-06
문;1E-06
번;1E-06
素;1E-06
根;1E-06
毒;1E-06
�;1E-06
Ꞓ;1E-06
甲;1E-06
ព;1E-06
ះ;1E-06
ហ;1E-06
观;1E-06
宫;1E-06
አ;1E-06
ነ;1E-06
ሲ;1E-06
Ő;1E-06
ہ;1E-06
饿;1E-06
车;1E-06
红;1E-06
係;1E-06
Ђ;1E-06
取;1E-06
締;1E-06
표;1E-06
최;1E-06
운;1E-06
영;1E-06
執;1E-06
〇;1E-06
孔;1E-06
紹;1E-06
̟;1E-06
拼;1E-06
阳;1E-06
醫;1E-06
ზ;1E-06
Ƿ;1E-06
Ȝ;1E-06
宋;1E-06
ў;1E-06
尔;1E-06
烤;1E-06
画;1E-06
ⲅ;1E-06
ⲏ;1E-06
̝;1E-06
ظ;1E-06
ὠ;1E-06
≃;1E-06
북;1E-06
獨;1E-06
弩;1E-06
禾;1E-06
勝;1E-06
夕;1E-06
宵;1E-06
ナ;1E-06
ⲥ;1E-06
ょ;1E-06
Ы;1E-06
ೊ;1E-06
ു;1E-06
പ;1E-06
વ;1E-06
ℵ;1E-06
唱;1E-06
ダ;1E-06
崎;1E-06
说;1E-06
格;1E-06
稳;1E-06
住;1E-06
着;1E-06
晦;1E-06
军;1E-06
̶;1E-06
ے;1E-06
魚;1E-06
ት;1E-06
ሮ;1E-06
ካ;1E-06
ḃ;1E-06
Є;1E-06
ژ;1E-06
竜;1E-06
포;1E-06
典;1E-06
ㄠ;1E-06
腦;1E-06
卫;1E-06
ः;1E-06
߬;1E-06
ߊ;1E-06
系;1E-06
区;1E-06
电;1E-06
ද;1E-06
ය;1E-06
ස;1E-06
ර;1E-06
Ĉ;1E-06
ಲ;1E-06
ಯ;1E-06
ʧ;1E-06
ቆ;1E-06
̣;1E-06
ላ;1E-06
ጋ;1E-06
ክ;1E-06
ጣ;1E-06
ጥ;1E-06
ሚ;1E-06
ጎ;1E-06
መ;1E-06
ツ;1E-06
ೃ;1E-06
ಥ;1E-06
ㅡ;1E-06
槑;1E-06
ĳ;1E-06
Ĳ;1E-06
¤;1E-06
嘗;1E-06
占;1E-06
倉;1E-06
侍;1E-06
媛;1E-06
智;1E-06
陸;1E-06
都;1E-06
友;1E-06
鸕;1E-06
廃;1E-06
甘;1E-06
継;1E-06
嵯;1E-06
峨;1E-06
緒;1E-06
潔;1E-06
丹;1E-06
深;1E-06
幡;1E-06
ṷ;1E-06
順;1E-06
童;1E-06
惟;1E-06
喬;1E-06
簡;1E-06
実;1E-06
倫;1E-06
使;1E-06
懐;1E-06
曲;1E-06
能;1E-06
場;1E-06
铁;1E-06
游;1E-06
战;1E-06
闹;1E-06
哪;1E-06
兄;1E-06
猫;1E-06
羊;1E-06
嚴;1E-06
贅;1E-06
貝;1E-06
⅛;1E-06
ワ;1E-06
２;1E-06
率;1E-06
対;1E-06
獣;1E-06
電;1E-06
ガ;1E-06
წ;1E-06
შ;1E-06
̤;1E-06
ǖ;1E-06
府;1E-06
ᛉ;1E-06
真;1E-06
～;1E-06
ը;1E-06
ಇ;1E-06
எ;1E-06
ல;1E-06
չ;1E-06
秘;1E-06
ɞ;1E-06
ਢ;1E-06
ਯ;1E-06
ਚ;1E-06
ਟ;1E-06
ਉ;1E-06
斤;1E-06
ὔ;1E-06
ᾰ;1E-06
港;1E-06
非;1E-06
協;1E-06
巴;1E-06
富;1E-06
輪;1E-06
研;1E-06
究;1E-06
意;1E-06
ど;1E-06
仮;1E-06
識;1E-06
私;1E-06
ゅ;1E-06
ぇ;1E-06
ぎ;1E-06
め;1E-06
ゔ;1E-06
兼;1E-06
ボ;1E-06
園;1E-06
շ;1E-06
ौ;1E-06
周;1E-06
候;1E-06
风;1E-06
इ;1E-06
ई;1E-06
ᖃ;1E-06
ᑦ;1E-06
鐵;1E-06
Ɖ;1E-06
Ÿ;1E-06
ས;1E-06
ེ;1E-06
ང;1E-06
པ;1E-06
ۡ;1E-06
發;1E-06
錢;1E-06
式;1E-06
参;1E-06
回;1E-06
反;1E-06
負;1E-06
箱;1E-06
菜;1E-06
ヌ;1E-06
発;1E-06
飯;1E-06
Ṇ;1E-06
֣;1E-06
尼;1E-06
聞;1E-06
判;1E-06
風;1E-06
殺;1E-06
姓;1E-06
曷;1E-06
昆;1E-06
耶;1E-06
뢰;1E-06
는;1E-06
에;1E-06
게;1E-06
품;1E-06
으;1E-06
러;1E-06
를;1E-06
급;1E-06
할;1E-06
머;1E-06
했;1E-06
거;1E-06
ㅂ;1E-06
ㅈ;1E-06
ㄷ;1E-06
ㄱ;1E-06
ㅍ;1E-06
ㅊ;1E-06
ㅌ;1E-06
ㅋ;1E-06
ㅃ;1E-06
ㅉ;1E-06
ㄸ;1E-06
ㄲ;1E-06
불;1E-06
알;1E-06
鹰;1E-06
닭;1E-06
연;1E-06
리;1E-06
狗;1E-06
농;1E-06
가;1E-06
계;1E-06
날;1E-06
열;1E-06
육;1E-06
藥;1E-06
부;1E-06
煎;1E-06
유;1E-06
油;1E-06
소;1E-06
송;1E-06
편;1E-06
추;1E-06
『;1E-06
』;1E-06
婦;1E-06
찰;1E-06
강;1E-06
관;1E-06
볶;1E-06
빵;1E-06
례;1E-06
첩;1E-06
궁;1E-06
崑;1E-06
ベ;1E-06
ヰ;1E-06
銘;1E-06
観;1E-06
鬼;1E-06
諷;1E-06
舞;1E-06
壽;1E-06
経;1E-06
細;1E-06
庫;1E-06
鎖;1E-06
蛭;1E-06
糸;1E-06
幕;1E-06
勤;1E-06
宝;1E-06
尺;1E-06
最;1E-06
圓;1E-06
打;1E-06
ង;1E-06
គ;1E-06
ិ;1E-06
ណ;1E-06
៍;1E-06
ឺ;1E-06
노;1E-06
래;1E-06
麿;1E-06
„;1E-06
ར;1E-06
چ;1E-06
英;1E-06
磕;1E-06
頂;1E-06
様;1E-06
ⵏ;1E-06
ⴽ;1E-06
ັ;1E-06
ນ;1E-06
̸;1E-06
譜;1E-06
蓮;1E-06
鎮;1E-06
ᯖ;1E-06
ᯬ;1E-06
历;1E-06
এ;1E-06
ৰ;1E-06
য;1E-06
ই;1E-06
空;1E-06
岐;1E-06
服;1E-06
鮮;1E-06
誠;1E-06
昌;1E-06
ޏ;1E-06
鄭;1E-06
ત;1E-06
ય;1E-06
ો;1E-06
થ;1E-06
免;1E-06
図;1E-06
แ;1E-06
⏑;1E-06
သ;1E-06
ဏ;1E-06
္;1E-06
ူ;1E-06
宣;1E-06
右;1E-06
ᓯ;1E-06
ᐊ;1E-06
ブ;1E-06
ⵉ;1E-06
광;1E-06
₦;1E-06
랑;1E-06
ܵ;1E-06
ܨ;1E-06
ˆ;1E-06
ⵡ;1E-06
ⵇ;1E-06
ɱ;1E-06
ᶬ;1E-06
ȵ;1E-06
向;1E-06
ὦ;1E-06
ᛟ;1E-06
⛢;1E-06
♅;1E-06
⚴;1E-06
♇;1E-06
仄;1E-06
ـ;1E-06
⟶;1E-06
̔;1E-06
少;1E-06
ښ;1E-06
逸;1E-06
ڠ;1E-06
პ;1E-06
က;1E-06
ေ;1E-06
း;1E-06
ள;1E-06
豚;1E-06
Ὁ;1E-06
室;1E-06
실;1E-06
℩;1E-06
尾;1E-06
首;1E-06
戟;1E-06
槍;1E-06
願;1E-06
恩;1E-06
ਣ;1E-06
ਈ;1E-06
¨;1E-06
ǥ;1E-06
⑤;1E-06
⑥;1E-06
⑦;1E-06
∎;1E-06
ƭ;1E-06
界;1E-06
ဲ;1E-06
ϩ;1E-06
ϣ;1E-06
ܣ;1E-06
刺;1E-06
詩;1E-06
⊨;1E-06
ṱ;1E-06
鉄;1E-06
찌;1E-06
스;1E-06
경;1E-06
특;1E-06
豁;1E-06
球;1E-06
ᛋ;1E-06
或;1E-06
初;1E-06
暦;1E-06
ळ;1E-06
歩;1E-06
飛;1E-06
銀;1E-06
ṳ;1E-06
̌;1E-06
ẕ;1E-06
̒;1E-06
᷊;1E-06
芋;1E-06
ȃ;1E-06
靈;1E-06
祇;1E-06
ｍ;1E-06
弥;1E-06
助;1E-06
魂;1E-06
⩾;1E-06
醸;1E-06
ಳ;1E-06
ಜ;1E-06
ణ;1E-06
立;1E-06
侗;1E-06
戰;1E-06
ည;1E-06
ธ;1E-06
ผ;1E-06
ห;1E-06
骨;1E-06
牌;1E-06
灵;1E-06
ㄊ;1E-06
ˊ;1E-06
ˉ;1E-06
ㄧ;1E-06
ˋ;1E-06
麥;1E-06
莉;1E-06
臺;1E-06
〈;1E-06
〉;1E-06
⑧;1E-06
ᵋ;1E-06
℥;1E-06
͠;1E-06
ဇ;1E-06
န;1E-06
်;1E-06
ғ;1E-06
ᚹ;1E-06
ᚦ;1E-06
ү;1E-06
⊗;1E-06
᷄;1E-06
班;1E-06
⁴;1E-06
̞;1E-06
‧;1E-06
ㄛ;1E-06
俄;1E-06
语;1E-06
當;1E-06
跳;1E-06
屏;1E-06
苑;1E-06
Ų;1E-06
ᵹ;1E-06
ば;1E-06
彰;1E-06
嬉;1E-06
庁;1E-06
臭;1E-06
匠;1E-06
ἂ;1E-06
൰;1E-06
ി;1E-06
യ;1E-06
ാ;1E-06
ಟ;1E-06
访;1E-06
訓;1E-06
ํ;1E-06
ἲ;1E-06
ῡ;1E-06
粥;1E-06
భ;1E-06
జ;1E-06
鹹;1E-06
˧;1E-06
Ᾱ;1E-06
♮;1E-06
バ;0
鑒;0
盘;0
Ȣ;0
ܗ;0
☫;0
胃;0
更;0
♒;0
垒;0
̽;0
ሀ;0
ሁ;0
ሂ;0
ህ;0
ᐱ;0
ᐳ;0
ᐸ;0
ᑎ;0
ᑐ;0
ᑕ;0
홍;0
農;0
熹;0
桓;0
⚓;0
魏;0
∊;0
⍳;0
␣;0
⎩;0
⎧;0
殖;0
ట;0
條;0
折;0
卷;0
犯;0
幼;0
欲;0
故;0
亦;0
坐;0
罪;0
得;0
蠻;0
٠;0
١;0
٢;0
٣;0
٤;0
٥;0
٦;0
٧;0
٨;0
٩;0
░;0
█;0
▄;0
▀;0
⣿;0
⣴;0
⢁;0
▓;0
◘;0
┌;0
╥;0
╨;0
┐;0
Ƹ;0
̡;0
Ӝ;0
≽;0
҅;0
ᴥ;0
≼;0
Ɯ;0
ƥ;0
ḙ;0
Ẃ;0
ḑ;0
Ẇ;0
Ẅ;0
ȩ;0
龜;0
杵;0
樹;0
树;0
일;0
̮;0
۝;0
ۖ;0
۞;0
ծ;0
Ս;0
ֆ;0
Վ;0
Ո;0
歴;0
¦;0
盧;0
芳;0
机;0
营;0
崩;0
筒;0
检;0
查;0
议;0
员;0
暂;0
赔;0
偿;0
处;0
罚;0
訴;0
訟;0
荒;0
દ;0
લ;0
ષ;0
ણ;0
災;0
Ã;0
Ĩ;0
Ⲣ;0
ⲕ;0
ⲝ;0
豎;0
ᚼ;0
ᛒ;0
竞;0
侠;0
瑾;0
岁;0
汗;0
諾;0
陀;0
锻;0
跌;0
爛;0
瓜;0
曼;0
荼;0
辯;0
才;0
漿;0
霸;0
鴛;0
鴦;0
≟;0
њ;0
Ѫ;0
ѫ;0
曇;0
資;0
續;0
僧;0
熊;0
覺;0
传;0
灯;0
录;0
證;0
達;0
ȗ;0
但;0
實;0
适;0
Ń;0
⎉;0
태;0
와;0
들;0
막;0
내;0
작;0
돌;0
ŧ;0
ᴠ;0
共;0
訳;0
祈;0
느;0
님;0
Ѕ;0
℗;0
暗;0
疑;0
似;0
វ;0
ី;0
♑;0
顺;0
累;0
笨;0
你;0
汽;0
？;0
Љ;0
Њ;0
Ћ;0
Џ;0
鵬;0
従;0
幹;0
책;0
임;0
殷;0
掘;0
勿;0
⌃;0
祥;0
楷;0
철;0
효;0
옥;0
傑;0
繼;0
承;0
計;0
双;0
医;0
료;0
법;0
療;0
ʍ;0
ࣞ;0
養;0
詡;0
串;0
疆;0
维;0
吾;0
馕;0
净;0
肉;0
葷;0
辛;0
麸;0
漫;0
만;0
Ⲡ;0
ⲧ;0
Ⲃ;0
ќ;0
紫;0
微;0
Ĥ;0
联;0
寿;0
糕;0
酥;0
果;0
冻;0
皖;0
岛;0
兴;0
岭;0
鎧;0
鏑;0
笠;0
懸;0
違;0
失;0
職;0
匪;0
諜;0
床;0
張;0
歷;0
厤;0
秝;0
旦;0
盂;0
백;0
☦;0
☨;0
☩;0
Ⲕ;0
妈;0
ɸ;0
奋;0
斗;0
张;0
伟;0
赵;0
强;0
叶;0
聪;0
ʘ;0
Ʞ;0
ച;0
ത;0
ക;0
്;0
ૂ;0
⌀;0
損;0
脱;0
兎;0
ϙ;0
ϡ;0
朵;0
只;0
戸;0
乙;0
詞;0
顔;0
冷;0
察;0
脚;0
沉;0
应;0
付;0
韬;0
养;0
拙;0
绝;0
ɷ;0
झ;0
҃;0
〮;0
〯;0
މ;0
ާ;0
ލ;0
ެ;0
夾;0
ዲ;0
ዩ;0
ኖ;0
ኒ;0
ል;0
ە;0
龙;0
왕;0
葡;0
辭;0
ㄉ;0
῾;0
鴨;0
ϗ;0
ߖ;0
ߎ;0
ߟ;0
ߞ;0
߲;0
余;0
鍠;0
译;0
ව;0
ෛ;0
ො;0
ත;0
ආ;0
ච;0
ා;0
ೂ;0
Ͱ;0
₷;0
⦰;0
ሰ;0
ጮ;0
ቡ;0
ሥ;0
ዶ;0
ዓ;0
ሣ;0
ግ;0
ም;0
ር;0
ድ;0
ች;0
ጀ;0
ና;0
ㅜ;0
ㅠ;0
崮;0
莔;0
卣;0
梅;0
呆;0
₠;0
鯰;0
賜;0
杯;0
践;0
祚;0
陛;0
沒;0
堀;0
赤;0
坂;0
伎;0
破;0
横;0
尚;0
伴;0
ɤ;0
ܖ;0
ܫ;0
ጴ;0
ጤ;0
ወ;0
ጌ;0
ዊ;0
股;0
數;0
額;0
茅;0
渟;0
足;0
乳;0
姪;0
売;0
采;0
忍;0
栗;0
隈;0
讃;0
竃;0
氷;0
珂;0
瑠;0
鏡;0
倍;0
粟;0
姉;0
帯;0
鷹;0
犀;0
池;0
益;0
彦;0
彌;0
秀;0
畝;0
傍;0
ἇ;0
沢;0
滋;0
息;0
登;0
済;0
染;0
殿;0
綏;0
姣;0
宇;0
雅;0
遣;0
温;0
胤;0
菅;0
衍;0
徳;0
久;0
褒;0
忯;0
諟;0
姚;0
婉;0
梆;0
簫;0
़;0
芸;0
踊;0
紙;0
芝;0
居;0
露;0
閻;0
瑞;0
击;0
队;0
痕;0
剧;0
旋;0
决;0
扇;0
书;0
谈;0
葫;0
芦;0
弟;0
警;0
长;0
与;0
灰;0
狼;0
记;0
圣;0
归;0
鱼;0
棠;0
蛇;0
缘;0
降;0
谋;0
杀;0
劉;0
⅜;0
祝;0
凧;0
ϵ;0
ǽ;0
ǿ;0
伝;0
１;0
億;0
љ;0
ẞ;0
约;0
萍;0
ქ;0
ჰ;0
ძ;0
索;0
涼;0
單;0
護;0
⊏;0
Ⲅ;0
Ґ;0
Ⰶ;0
Ϫ;0
Ⱓ;0
Ⱆ;0
ѵ;0
Ⱑ;0
緑;0
〜;0
ಈ;0
ಎ;0
ಏ;0
ಉ;0
ಊ;0
ಋ;0
ೠ;0
ஞ;0
ண;0
ந;0
Լ;0
貔;0
貅;0
騶;0
虞;0
ু;0
ব;0
হ;0
訣;0
妙;0
Ɂ;0
殻;0
動;0
了;0
过;0
ਙ;0
ਞ;0
ਘ;0
ਝ;0
ࣇ;0
ਥ;0
ੳ;0
ੲ;0
ਔ;0
ਃ;0
ḩ;0
裕;0
珊;0
瑚;0
Ẋ;0
ङ;0
気;0
基;0
礎;0
乏;0
も;0
゛;0
゜;0
ぱ;0
ゝ;0
ゞ;0
ご;0
ヴ;0
ゆ;0
む;0
ƀ;0
Ἁ;0
ֳ;0
Յ;0
։;0
Տ;0
Դ;0
絵;0
ἵ;0
乘;0
号;0
潜;0
艦;0
⚤;0
ヘ;0
ƴ;0
髀;0
‴;0
动;0
仪;0
ஏ;0
ᓗ;0
낚;0
Ʋ;0
Ї;0
ᾼ;0
ᾳ;0
ῌ;0
ῼ;0
Ἶ;0
ﬁ;0
ﬂ;0
膠;0
霊;0
ṿ;0
唯;0
引;0
ཙ;0
།;0
ۤ;0
∫;0
寒;0
演;0
株;0
選;0
局;0
導;0
釜;0
膳;0
ぶ;0
汁;0
糠;0
郷;0
豆;0
蛮;0
֔;0
窟;0
际;0
由;0
己;0
劇;0
滅;0
结;0
那;0
摄;0
图;0
鬲;0
隔;0
闕;0
함;0
훈;0
鸽;0
票;0
句;0
첨;0
격;0
바;0
깥;0
양;0
람;0
걸;0
쩜;0
준;0
빔;0
괴;0
빠;0
鸡;0
쇠;0
새;0
심;0
발;0
뿌;0
겹;0
살;0
월;0
령;0
세;0
초;0
보;0
감;0
松;0
䭏;0
청;0
류;0
갈;0
메;0
물;0
엿;0
환;0
갑;0
菓;0
혼;0
冠;0
婚;0
喪;0
순;0
튀;0
뎅;0
묵;0
란;0
꼬;0
데;0
뽑;0
덕;0
懋;0
향;0
鄕;0
飮;0
미;0
죽;0
儀;0
ュ;0
ョ;0
ヽ;0
ヾ;0
ミ;0
ペ;0
ギ;0
蝦;0
廷;0
森;0
瓦;0
誦;0
昔;0
談;0
説;0
話;0
幸;0
季;0
範;0
磨;0
攘;0
末;0
享;0
帳;0
鍛;0
冶;0
考;0
財;0
品;0
査;0
慧;0
杲;0
眼;0
聯;0
翁;0
悟;0
爾;0
辨;0
छ;0
鄰;0
ល;0
់;0
ដ;0
ំ;0
ឧ;0
ប;0
ឈ;0
健;0
渥;0
康;0
俱;0
胝;0
母;0
祺;0
粸;0
Ǧ;0
掛;0
応;0
ˑ;0
ヱ;0
せ;0
브;0
呂;0
峡;0
供;0
ཆ;0
ྷ;0
ᔭ;0
位;0
排;0
體;0
投;0
恋;0
模;0
ⴼ;0
♌;0
♎;0
♄;0
ຈ;0
ທ;0
ະ;0
ລ;0
ີ;0
້;0
ອ;0
ງ;0
ຮ;0
ກ;0
Ļ;0
ͅ;0
焼;0
念;0
Ⱶ;0
ⱶ;0
醉;0
难;0
进;0
碎;0
葉;0
隴;0
莲;0
吳;0
兆;0
问;0
答;0
難;0
遍;0
開;0
ᯀ;0
ᯅ;0
黎;0
俚;0
阴;0
আ;0
খ;0
ৱ;0
ো;0
ণ;0
互;0
ɺ;0
ɜ;0
͂;0
蜘;0
蛛;0
巣;0
诸;0
侯;0
裴;0
駰;0
虔;0
戎;0
狄;0
卑;0
専;0
︢;0
ǚ;0
崔;0
ޱ;0
ڡ;0
☾;0
☪;0
️;0
ન;0
ર;0
ગ;0
અ;0
આ;0
મ;0
斎;0
監;0
刃;0
枯;0
鳴;0
鵙;0
艺;0
ṻ;0
੧;0
感;0
觉;0
鶻;0
ٍ;0
ぐ;0
ぴ;0
量;0
移;0
仚;0
僊;0
⾛;0
⽕;0
病;0
境;0
៉;0
ន;0
升;0
隐;0
鼠;0
貓;0
ᴛ;0
ဝ;0
ိ;0
操;0
覧;0
覚;0
望;0
१;0
२;0
३;0
४;0
५;0
६;0
७;0
ܟ;0
〈;0
〉;0
鈴;0
ᓄ;0
ᓇ;0
ᓀ;0
ᐦ;0
ᔮ;0
ᓈ;0
ᕁ;0
械;0
᾽;0
ⴻ;0
Ŭ;0
Ẹ;0
뉴;0
욕;0
벼;0
글;0
ܸ;0
敷;0
苏;0
ณ;0
ฑ;0
捡;0
板;0
苔;0
ⵎ;0
ⵓ;0
ⵜ;0
遺;0
朗;0
仏;0
毀;0
釈;0
ṝ;0
Ⓛ;0
ঐ;0
ও;0
沖;0
県;0
Ḏ;0
护;0
Ѡ;0
ѡ;0
銷;0
贓;0
诰;0
Ό;0
男;0
濃;0
布;0
敵;0
往;0
還;0
⚳;0
⚵;0
⚶;0
♆;0
⯓;0
ɘ;0
Ⓐ;0
Ⓑ;0
先;0
♓;0
晚;0
稀;0
ڌ;0
黃;0
姥;0
酉;0
喚;0
束;0
ூ;0
ݢ;0
寇;0
輝;0
ျ;0
陣;0
楠;0
滝;0
飞;0
限;0
无;0
线;0
厂;0
Ꭴ;0
Ꮑ;0
Ꮃ;0
Ꮕ;0
Ꭿ;0
洞;0
沟;0
ϧ;0
ⲱ;0
‽;0
≲;0
≳;0
Ů;0
媽;0
側;0
측;0
妾;0
奶;0
总;0
＾;0
⊍;0
∸;0
維;0
奈;0
何;0
桥;0
孟;0
汤;0
艇;0
ѳ;0
예;0
교;0
려;0
파;0
신;0
통;0
⇌;0
序;0
实;0
為;0
宰;0
外;0
戈;0
薙;0
偃;0
时;0
间;0
點;0
檔;0
此;0
報;0
濟;0
途;0
眾;0
冤;0
債;0
Ϙ;0
ܛ;0
Ï;0
Ą;0
Ù;0
₢;0
Ḷ;0
₫;0
Ơ;0
ሴ;0
Ə;0
Ǥ;0
Ǯ;0
ǯ;0
血;0
▮;0
‣;0
ɫ;0
↯;0
⨳;0
※;0
⁙;0
ↀ;0
Ⓧ;0
ↆ;0
Ⅻ;0
亂;0
吻;0
遊;0
戯;0
ထ;0
ဆ;0
Ꮹ;0
Ꮿ;0
՚;0
◐;0
Ḡ;0
ꦲ;0
ꦸ;0
ꦩ;0
꧀;0
ꦧ;0
ꦃ;0
⊇;0
寄;0
見;0
現;0
寓;0
♐;0
♏;0
崙;0
舶;0
된;0
속;0
좌;0
형;0
입;0
촌;0
해;0
율;0
업;0
혁;0
별;0
廣;0
域;0
군;0
势;0
划;0
虫;0
蜈;0
蜙;0
蛞;0
蝓;0
庄;0
猟;0
℠;0
欧;0
Ϻ;0
ǭ;0
☥;0
樵;0
列;0
絶;0
韻;0
離;0
騷;0
綱;0
死;0
輕;0
鴻;0
趨;0
異;0
遇;0
錯;0
敞;0
惲;0
臨;0
徐;0
丨;0
馮;0
仌;0
修;0
廟;0
⁬;0
ओ;0
Ǉ;0
ǈ;0
ǉ;0
Ǌ;0
ǋ;0
ǌ;0
Ǆ;0
ǅ;0
ǆ;0
角;0
圭;0
杏;0
仝;0
个;0
詰;0
続;0
ォ;0
待;0
剑;0
검;0
椒;0
盐;0
陈;0
卤;0
Ḣ;0
Ė;0
杉;0
舩;0
衣;0
哈;0
ḁ;0
̦;0
ˏ;0
ˎ;0
モ;0
ニ;0
･;0
等;0
堯;0
申;0
鮨;0
鮓;0
又;0
団;0
岡;0
騎;0
討;0
飃;0
效;0
ٖ;0
ٗ;0
段;0
込;0
酛;0
樽;0
鶴;0
盛;0
菊;0
菱;0
澤;0
店;0
ぼ;0
濾;0
菖;0
內;0
倪;0
⤓;0
⇳;0
빙;0
ॐ;0
醯;0
ఉ;0
ఆ;0
ఖ;0
ぁ;0
矟;0
杆;0
扑;0
ි;0
ං;0
හ;0
ල;0
路;0
交;0
規;0
夏;0
切;0
环;0
ɵ;0
ᵻ;0
ؤ;0
鄂;0
啟;0
筯;0
韦;0
庆;0
壮;0
ஃ;0
ோ;0
坦;0
克;0
♉;0
ڭ;0
ⵣ;0
塔;0
ҷ;0
ӣ;0
ถ;0
ำ;0
楔;0
質;0
掷;0
扭;0
鬥;0
塞;0
Ꮤ;0
Ꮎ;0
Ꮟ;0
ム;0
ㄘ;0
吃;0
卓;0
啤;0
餐;0
廳;0
灣;0
釀;0
ญ;0
ษ;0
⫶;0
溝;0
澄;0
逢;0
即;0
ヨ;0
豐;0
丰;0
征;0
渡;0
ܿ;0
݁;0
ܳ;0
ܰ;0
ȷ;0
¸;0
Û;0
教;0
育;0
委;0
ἆ;0
Õ;0
運;0
爲;0
တ;0
勾;0
Қ;0
қ;0
Ў;0
ᛚ;0
ᚢ;0
ᛖ;0
ᚨ;0
ひ;0
痘;0
疹;0
臘;0
腸;0
渃;0
Ẩ;0
敬;0
拜;0
尸;0
追;0
織;0
ꞛ;0
ꞝ;0
ꞟ;0
ღ;0
ᒣ;0
ᔅ;0
ᑯ;0
ᐤ;0
ᣙ;0
笑;0
♀;0
鳥;0
聶;0
隱;0
荊;0
紅;0
線;0
虬;0
髯;0
施;0
兒;0
煥;0
亭;0
鏢;0
鹤;0
郑;0
証;0
因;0
爪;0
碑;0
萧;0
勇;0
仇;0
笈;0
门;0
ྲ;0
ད;0
ཁ;0
ལ;0
沃;0
玛;0
怡;0
ᕕ;0
哥;0
刻;0
霍;0
ㄅ;0
ㄆ;0
ㄇ;0
ㄈ;0
巫;0
帥;0
帅;0
傌;0
蹩;0
腿;0
俥;0
卒;0
退;0
環;0
槽;0
窩;0
來;0
步;0
輸;0
岑;0
₈;0
秂;0
Ᵹ;0
Ꜣ;0
両;0
円;0
‏;0
丈;0
綠;0
眉;0
溫;0
耿;0
鐸;0
ꝋ;0
Ἢ;0
憶;0
確;0
倚;0
郭;0
縣;0
威;0
禎;0
嫄;0
歓;0
活;0
亮;0
ᾴ;0
ᾷ;0
년;0
樓;0
層;0
潤;0
餅;0
ⁿ;0
碗;0
壺;0
壶;0
൩;0
൨;0
സ;0
റ;0
ന;0
മ;0
ല;0
ള;0
ം;0
ಣ;0
ಚ;0
ೀ;0
ಷ;0
宏;0
氵;0
比;0
权;0
依;0
建;0
设;0
鼬;0
猛;0
宛;0
ポ;0
熟;0
送;0
ヶ;0
鸦;0
团;0
蜜;0
ጠ;0
ጅ;0
ფ;0
↻;0
↺;0
管;0
면;0
貫;0
傅;0
雷;0
ṑ;0
茉;0
纸;0
煤;0
โ;0
苡;0
顕;0
衞;0
ᚫ;0
ᚩ;0
ᚬ;0
ἣ;0
ዮ;0
ሐ;0
恭;0
席;0
鳳;0
褂;0
總;0
街;0
撈;0
ొ;0
ఐ;0
ఔ;0
హ;0
ఁ;0
ః;0
స;0
ఎ;0
గ;0
照;0
馭;0
鷀;0
葺;0
⊈;0
֖;0
ῐ;0
斷;0
˦;0
ꉬ;0
ꉫ;0
≧;0
ே;0
ℛ;0
仰;0
韶;0
ƶ;0
Ө;0
Ү;0
ℂ;0
ℍ;0
ℙ;0
ℚ;0
ℤ;0
厚;0
朴;0
↗;0
↘;0